{
  "project_info": {
    "project_number": "938617570657",
    "firebase_url": "https://khayahdevchannel.firebaseio.com",
    "project_id": "khayahdevchannel",
    "storage_bucket": "khayahdevchannel.appspot.com"
  },
  "client": [
    {
      "client_info": {
        "mobilesdk_app_id": "1:938617570657:android:3b6df22bbd3f7d1d",
        "android_client_info": {
          "package_name": "com.khayah.app"
        }
      },
      "oauth_client": [
        {
          "client_id": "938617570657-578s68a3l42argbpprcet270qeqokb7g.apps.googleusercontent.com",
          "client_type": 1,
          "android_info": {
            "package_name": "com.khayah.app",
            "certificate_hash": "a69d756734bbdda714ae40d97cab0a012062ddf7"
          }
        },
        {
          "client_id": "938617570657-8kg18bpfptu9p5a3gei1ng1nhu307j95.apps.googleusercontent.com",
          "client_type": 3
        }
      ],
      "api_key": [
        {
          "current_key": "AIzaSyDszc5F50iCN7TrxP2jn8KHC6E7_tGo8ok"
        }
      ],
      "services": {
        "analytics_service": {
          "status": 1
        },
        "appinvite_service": {
          "status": 2,
          "other_platform_oauth_client": [
            {
              "client_id": "938617570657-8kg18bpfptu9p5a3gei1ng1nhu307j95.apps.googleusercontent.com",
              "client_type": 3
            }
          ]
        },
        "ads_service": {
          "status": 2
        }
      }
    }
  ],
  "configuration_version": "1"
}